<?xml version="1.0" encoding="UTF-8"?>
<beans xmlns="http://www.springframework.org/schema/beans"
	xmlns:xsi="http://www.w3.org/2001/XMLSchema-instance"
	xmlns:context="http://www.springframework.org/schema/context"
	xsi:schemaLocation="http://www.springframework.org/schema/beans http://www.springframework.org/schema/beans/spring-beans-4.3.xsd
		http://www.springframework.org/schema/context http://www.springframework.org/schema/context/spring-context-4.3.xsd">
<import resource="myBeans.xml"/>

<bean id="collect" class="org.cap.model.CollectionDemo">
	<property name="names">
		<list>
			<value>Tom</value>
			<value>Tom</value>
			<value>Jery</value>
			<value>Jerry</value>
			<value>Jerry</value>
		</list>
	</property>
	<property name="addresses">
		<list>
			<ref bean="address"/>
			<ref bean="address1"/>
		</list>
	
	</property>
	
</bean>



</beans>
