<?xml version="1.0" encoding="UTF-8"?>
<beans xmlns="http://www.springframework.org/schema/beans"
	xmlns:xsi="http://www.w3.org/2001/XMLSchema-instance"
	xmlns:context="http://www.springframework.org/schema/context"
	xsi:schemaLocation="http://www.springframework.org/schema/beans http://www.springframework.org/schema/beans/spring-beans-4.3.xsd
		http://www.springframework.org/schema/context http://www.springframework.org/schema/context/spring-context-4.3.xsd"
		default-lazy-init="true">

<bean id="emp" class="org.cap.model.Employee" init-method="init_Method"
	destroy-method="destroy_Method" lazy-init="true">
<!-- <constructor-arg name="employeeId" value="1001"/>
<constructor-arg name="empName" value="Kamal"/>
<constructor-arg name="salary" value="78000"/>
<constructor-arg name="address" ref="address1"/> -->

	 <property name="employeeId" value="1001"/>
	<property name="empName" value="Tom Jerry"/>
	<property name="salary" value="34000"/>
	<!-- <property name="address" ref="address"/> -->
</bean>

 <bean id="address" class="org.cap.model.Address">
	<property name="streetName" value="North Avvenue"/>
	<property name="city" value="Chennai"/>
</bean>  
<bean id="address1" class="org.cap.model.Address">
	<property name="streetName" value="South Avvenue"/>
	<property name="city" value="Hyderabad"/>
</bean>
</beans>
